Workbook

Sheet Summary
A1: Smart Farm — DIY Bill of Materials
A2: 10-acre mixed farm, rural Karnataka — DIY electronics for the Smart Farm AI System blueprint
A4: Subsystem | B4: Total (Rs.) | C4: Phase
A5: A. Edge gateway & connectivity | B5: =BOM!F11 | C5: 1
A6: B. Solar power — control layer | B6: =BOM!F18 | C6: 1
A7: C. Irrigation control & water monitoring | B7: =BOM!F31 | C7: 1
A8: D. Soil monitoring — 6 zone nodes + 2 field stations | B8: =BOM!F42 | C8: 1–2
A9: E. Weather station | B9: =BOM!F53 | C9: 2
A10: F. Fertigation & venturi diffuser | B10: =BOM!F63 | C10: 2
A11: G. Livestock shed | B11: =BOM!F71 | C11: 2
A12: H. Cameras & security | B12: =BOM!F77 | C12: 1–2
A13: I. Pest & weed monitoring | B13: =BOM!F85 | C13: 2–3
A14: J. Wiring, protection & mounting | B14: =BOM!F93 | C14: all
A15: Subtotal — all subsystems | B15: =SUM(B5:B14)
A16: Contingency 10% (shipping, damage, retries) | B16: =B15*0.1
A17: GRAND TOTAL (DIY electronics) | B17: =B15+B16
A19: Basic tools (one-time, if not owned)
A20: Soldering iron + solder | B20: 800
A21: Crimping tool + lugs/ferrules | B21: 900
A22: Multimeter | B22: 700
A23: Wire stripper | B23: 300
A24: Cordless drill + bits | B24: 2500
A25: PTFE tape, spanners for plumbing | B25: 500
A26: Tools subtotal | B26: =SUM(B20:B25)
A28: HOW TO USE: edit blue cells (Qty / Unit price) on the BOM sheet — all totals recalculate.
A29: Prices are indicative Jul 2026 retail (robu.in, amazon.in, local electrical market), GST included; get quotes before ordering.
A30: Excluded and bought instead (see BOM sheet foot): cattle collars, drip system (PMKSY vendor), drone service, milk analyzer.
A31: Free software stack: ESPHome (nodes), Home Assistant + Node-RED (dashboard/logic), Frigate (cameras), all on the Pi.
A32: Compare: vendor-installed Phase 1+2 automation in the blueprint is ~Rs.9.6 lakh gross; this DIY electronics build covers the monitoring/control layer at a fraction, but with your labour and no AMC.

Sheet BOM
A1: Section | B1: Item | C1: Spec / example part | D1: Qty | E1: Unit (Rs.) | F1: Total (Rs.) | G1: Phase | H1: Notes
A2: A. Edge gateway & connectivity | B2: Raspberry Pi 4B 4GB | C2: Farm brain — Home Assistant + Node-RED + Frigate | D2: 1 | E2: 5500 | F2: =D2*E2 | G2: 1 | H2: Pi 5 4GB also fine (~Rs.6,500)
B3: microSD 64GB (high-endurance) | C3: SanDisk High Endurance class | D3: 1 | E3: 700 | F3: =D3*E3 | G3: 1 | H3: NVR/logging wears cheap cards out
B4: LoRa module SX1278 Ra-02 433 MHz | C4: Gateway radio | D4: 1 | E4: 350 | F4: =D4*E4 | G4: 1 | H4: Single-channel is enough for ~10 nodes
B5: ESP32 DevKit V1 | C5: LoRa-to-Pi serial bridge | D5: 1 | E5: 450 | F5: =D5*E5 | G5: 1
B6: 4G router, dual-SIM, ext. antenna port | C6: Tenda 4G03 Pro / TP-Link MR110 class | D6: 1 | E6: 6500 | F6: =D6*E6 | G6: 1 | H6: Jio + Airtel SIMs per blueprint
B7: Outdoor high-gain 4G antenna + SMA lead | C7: 10–12 dBi panel/yagi | D7: 1 | E7: 1200 | F7: =D7*E7 | G7: 1 | H7: Mount high at pump house
B8: SIM800L GSM module + antenna | C8: SMS fallback commands/alarms | D8: 1 | E8: 350 | F8: =D8*E8 | G8: 1 | H8: Own SIM, Rs.20/mo SMS pack
B9: DS3231 RTC module | C9: Keeps schedules through reboots | D9: 1 | E9: 150 | F9: =D9*E9 | G9: 1
B10: IP65 enclosure + DIN rail + glands | C10: 300x200 ABS, gateway box | D10: 1 | E10: 1200 | F10: =D10*E10 | G10: 1
B11: Subtotal — A. Edge gateway & connectivity | F11: =SUM(F2:F10)
A13: B. Solar power — control layer | B13: Solar panel 200 W 12 V | C13: Poly/mono, control system only | D13: 1 | E13: 6000 | F13: =D13*E13 | G13: 1 | H13: Pump stays on grid/diesel
B14: LiFePO4 battery 12.8 V 50 Ah | C14: 3+ days autonomy for controls | D14: 1 | E14: 11000 | F14: =D14*E14 | G14: 1 | H14: Lead-acid 100 Ah alt: Rs.9,500, 1/3 the life
B15: MPPT charge controller 20 A | C15: 12/24 V auto | D15: 1 | E15: 2500 | F15: =D15*E15 | G15: 1
B16: DC-DC buck 12->5 V 3 A | C16: Per node / Pi supply | D16: 4 | E16: 200 | F16: =D16*E16 | G16: 1
B17: Fuses, MC4 pairs, 6 mm2 solar cable set | D17: 1 | E17: 1500 | F17: =D17*E17 | G17: 1
B18: Subtotal — B. Solar power — control layer | F18: =SUM(F13:F17)
A20: C. Irrigation control & water monitoring | B20: Solenoid valve 1" 12 V DC, normally-closed | C20: Plastic body, drip-rated | D20: 6 | E20: 1400 | F20: =D20*E20 | G20: 1 | H20: One per zone; NC = fails shut
B21: Valve-controller node (ESP32 + 4-ch relay + box) | C21: Each drives 3 valves | D21: 2 | E21: 1600 | F21: =D21*E21 | G21: 1
B22: Flow meter YF-B10 1" brass, pulse | C22: Main line + fertigation line | D22: 2 | E22: 1000 | F22: =D22*E22 | G22: 1
B23: Pressure transducer 0–10 bar 1/4" | C23: Leak / burst / clog detection | D23: 2 | E23: 1400 | F23: =D23*E23 | G23: 1
B24: Borewell level sensor 0–50 m, 4–20 mA | C24: Submersible hydrostatic | D24: 1 | E24: 4500 | F24: =D24*E24 | G24: 1 | H24: Blueprint 4.1: watch falling yield
B25: 4–20 mA receiver board | C25: For borewell sensor | D25: 1 | E25: 400 | F25: =D25*E25 | G25: 1
B26: Ultrasonic level sensor JSN-SR04T | C26: Overhead tank % | D26: 1 | E26: 450 | F26: =D26*E26 | G26: 1 | H26: Waterproof probe
B27: Phase-failure relay | C27: Single-phasing protection | D27: 1 | E27: 1200 | F27: =D27*E27 | G27: 1 | H27: Pairs with existing starter
B28: PZEM-004T 100 A + CT | C28: Pump energy metering (kWh) | D28: 1 | E28: 900 | F28: =D28*E28 | G28: 1
B29: Pump-house node (ESP32 + SIM800 + box) | C29: GSM start/stop + dry-run logic | D29: 1 | E29: 1500 | F29: =D29*E29 | G29: 1 | H29: DIY 'Kisan Raja'
B30: 30 A relay/contactor driver module | C30: Drives pump contactor coil | D30: 1 | E30: 600 | F30: =D30*E30 | G30: 1
B31: Subtotal — C. Irrigation control & water monitoring | F31: =SUM(F20:F30)
A33: D. Soil monitoring — 6 zone nodes + 2 field stations | B33: Soil node kit (ESP32 + Ra-02 LoRa) | C33: One per zone | D33: 6 | E33: 750 | F33: =D33*E33 | G33: 1–2
B34: Capacitive soil moisture probe v2 | C34: 2 depths per zone; seal with epoxy | D34: 12 | E34: 120 | F34: =D34*E34 | G34: 1–2 | H34: Never use resistive probes — they corrode
B35: DS18B20 waterproof soil temperature | C35: One per zone | D35: 6 | E35: 150 | F35: =D35*E35 | G35: 1–2
B36: 2x 18650 + TP4056 + holder | C36: Per node battery pack | D36: 6 | E36: 350 | F36: =D36*E36 | G36: 1–2
B37: 6 V 2 W solar top-up panel | C37: Per node | D37: 6 | E37: 250 | F37: =D37*E37 | G37: 1–2
B38: IP65 node enclosure + mounting pole | D38: 6 | E38: 500 | F38: =D38*E38 | G38: 1–2
B39: pH kit: E-201 probe + driver board | C39: Field stations A & B | D39: 2 | E39: 1800 | F39: =D39*E39 | G39: 1–2 | H39: Recalibrate monthly (pH 4/7 buffers)
B40: Analog EC kit, K=1 probe | C40: Field stations A & B + dose feedback | D40: 2 | E40: 2000 | F40: =D40*E40 | G40: 1–2 | H40: DFRobot-class; generic TDS boards drift
B41: ADS1115 16-bit ADC | C41: Clean analog reads for pH/EC | D41: 2 | E41: 250 | F41: =D41*E41 | G41: 1–2
B42: Subtotal — D. Soil monitoring — 6 zone nodes + 2 field stations | F42: =SUM(F33:F41)
A44: E. Weather station | B44: Cup anemometer, pulse output | C44: Wind speed (spray windows) | D44: 1 | E44: 2500 | F44: =D44*E44 | G44: 2
B45: Wind vane, analog | C45: Wind direction | D45: 1 | E45: 1800 | F45: =D45*E45 | G45: 2 | H45: Optional but helps drift calls
B46: Tipping-bucket rain gauge | C46: Auto rain-skip input | D46: 1 | E46: 1500 | F46: =D46*E46 | G46: 2
B47: SHT31 temp/RH sensor | D47: 1 | E47: 400 | F47: =D47*E47 | G47: 2
B48: BMP280 barometric pressure | D48: 1 | E48: 150 | F48: =D48*E48 | G48: 2
B49: Leaf-wetness sensor | C49: DIY interdigitated PCB | D49: 1 | E49: 200 | F49: =D49*E49 | G49: 2 | H49: Disease-risk input
B50: ESP32 + Ra-02 LoRa node | D50: 1 | E50: 750 | F50: =D50*E50 | G50: 2
B51: Radiation shield + 3 m mast | C51: DIY plate-stack shield | D51: 1 | E51: 1500 | F51: =D51*E51 | G51: 2
B52: Node solar + battery pack | D52: 1 | E52: 600 | F52: =D52*E52 | G52: 2
B53: Subtotal — E. Weather station | F53: =SUM(F44:F52)
A55: F. Fertigation & venturi diffuser | B55: Venturi injector 3/4" + assembly | C55: The diffuser — suction dosing | D55: 1 | E55: 1800 | F55: =D55*E55 | G55: 2
B56: Peristaltic dosing pump 12 V | C56: Metered jeevamrutha injection | D56: 1 | E56: 2800 | F56: =D56*E56 | G56: 2 | H56: Gives true L/h control for auto-dosing
B57: Dosing solenoid 1/2" 12 V | C57: Opens diffuser suction line | D57: 1 | E57: 1400 | F57: =D57*E57 | G57: 2
B58: Disc filter 120 mesh 1" | C58: Two stages — jeevamrutha clogs drip | D58: 2 | E58: 1200 | F58: =D58*E58 | G58: 2 | H58: Filter to 120 mesh minimum
B59: Inline EC probe + board | C59: Dose feedback / EC guard | D59: 1 | E59: 2000 | F59: =D59*E59 | G59: 2
B60: Barrel stirrer: 12 V wiper motor + paddle | C60: Daily jeevamrutha stir | D60: 1 | E60: 1500 | F60: =D60*E60 | G60: 2 | H60: Automates task tT2
B61: Float switch (barrel level) | D61: 2 | E61: 250 | F61: =D61*E61 | G61: 2
B62: Dosing node (ESP32 + 4-ch relay + box) | C62: Runs the auto-dosing logic | D62: 1 | E62: 1600 | F62: =D62*E62 | G62: 2
B63: Subtotal — F. Fertigation & venturi diffuser | F63: =SUM(F55:F62)
A65: G. Livestock shed | B65: Shed node: ESP32 + SHT31 + 2-ch relay | C65: Temp/RH + fan/fogger auto | D65: 1 | E65: 1600 | F65: =D65*E65 | G65: 2
B66: Contactor 25 A (fan, fogger) | D66: 2 | E66: 450 | F66: =D66*E66 | G66: 2
B67: Fogger kit: 10 nozzles + 60 psi pump | C67: Heat-stress control >=30 C | D67: 1 | E67: 3500 | F67: =D67*E67 | G67: 2
B68: Platform scale: 4x 50 kg load cells + HX711 + frame | C68: Goat-kid weigh-bands -> records | D68: 1 | E68: 4500 | F68: =D68*E68 | G68: 2 | H68: Growth data = breeding premium
B69: RFID EID stick reader + 40 ear tags | C69: Animal identity for records | D69: 1 | E69: 5400 | F69: =D69*E69 | G69: 2 | H69: ISO 11784/85 FDX-B
B70: Coop door: linear actuator + LDR + ESP32 | C70: Auto open/close for Giriraja | D70: 1 | E70: 2500 | F70: =D70*E70 | G70: 2 | H70: Biggest predator-loss saver
B71: Subtotal — G. Livestock shed | F71: =SUM(F65:F70)
A73: H. Cameras & security | B73: Outdoor 3 MP ONVIF/RTSP camera | C73: Gate, pump house, shed, store | D73: 4 | E73: 3200 | F73: =D73*E73 | G73: 1–2 | H73: 2 in Phase 1, 2 in Phase 2; local RTSP, no cloud fee
B74: 1 TB surveillance HDD (USB) | C74: Frigate NVR on the Pi | D74: 1 | E74: 4000 | F74: =D74*E74 | G74: 1–2
B75: PoE switch / 12 V camera PSU | D75: 1 | E75: 1500 | F75: =D75*E75 | G75: 1–2
B76: PIR + siren node (store room) | C76: ESP32 + PIR + 12 V siren | D76: 1 | E76: 800 | F76: =D76*E76 | G76: 1–2
B77: Subtotal — H. Cameras & security | F77: =SUM(F73:F76)
A79: I. Pest & weed monitoring | B79: Termite bait station (DIY: PVC + wood bait) | C79: Grid of 10 around orchard | D79: 10 | E79: 120 | F79: =D79*E79 | G79: 2–3 | H79: Check weekly, log hits in dashboard
B80: Pheromone trap (funnel type) | C80: FAW / fruit-fly | D80: 10 | E80: 180 | F80: =D80*E80 | G80: 2–3
B81: Lure refills (per season) | D81: 20 | E81: 60 | F81: =D81*E81 | G81: 2–3 | H81: Replace every 3–4 weeks
B82: Yellow/blue sticky traps | C82: 10 per acre on crop block | D82: 50 | E82: 15 | F82: =D82*E82 | G82: 2–3
B83: ESP32-CAM trap camera | C83: Daily photo of trap for counting | D83: 2 | E83: 700 | F83: =D83*E83 | G83: 2–3
B84: Pi NoIR camera + red filter | C84: DIY NDVI from a pole/kite | D84: 1 | E84: 2500 | F84: =D84*E84 | G84: 2–3 | H84: Or hire drone NDVI (Rs.400–600/acre)
B85: Subtotal — I. Pest & weed monitoring | F85: =SUM(F79:F84)
A87: J. Wiring, protection & mounting | B87: 1.5 mm2 2-core outdoor cable, 200 m | C87: Valve and power runs | D87: 1 | E87: 3000 | F87: =D87*E87 | G87: all
B88: HDPE conduit 16 mm, 100 m | C88: Rodent protection for cable | D88: 1 | E88: 1500 | F88: =D88*E88 | G88: all
B89: Surge protection: MOVs, TVS, earth rod + wire | C89: Lightning is the #1 killer | D89: 1 | E89: 2500 | F89: =D89*E89 | G89: all | H89: Earth every mast and the gateway
B90: Spare IP65 boxes, glands, terminals, fuses | D90: 1 | E90: 2500 | F90: =D90*E90 | G90: all
B91: Silica gel, epoxy, heatshrink, UV ties | C91: Monsoon-proofing | D91: 1 | E91: 800 | F91: =D91*E91 | G91: all
B92: GI poles & brackets | C92: Sensor and antenna mounts | D92: 6 | E92: 250 | F92: =D92*E92 | G92: all
B93: Subtotal — J. Wiring, protection & mounting | F93: =SUM(F87:F92)
A95: BUY, DON'T BUILD (not in totals above)
B96: Cattle activity collars | C96: Cowfit / Stellapps mooOn | E96: Rs.6,000–9,000 per animal x 12 | H96: Heat-detection algorithms need vendor data; DIY misses heats — one missed cycle costs more than the collar
B97: Drip system + main filtration | C97: Netafim / Jain / Finolex dealer | E97: ~Rs.2.7 lakh for 6 acres before subsidy | H97: PMKSY-PDMC 45–55% subsidy requires an empanelled vendor install
B98: Drone spraying & NDVI survey | C98: Local operator / IFFCO Kisan | E98: Rs.400–600 per acre per pass | H98: Hire as a service — owning costs Rs.3–5 lakh
B99: Milk analyzer | C99: Everest / Stellapps | E99: Rs.35,000–45,000 | H99: Calibrated fat/SNF needed for A2 pricing credibility
B100: Sexed semen + AI service | C100: KLDB / govt semen stations | E100: Rs.250–1,000 per dose | H100: Service, not equipment
